Title,Content,Content_english,Images,Icon,Source,Source_URL
Sedan,"Sedan là một loại xe khách mà thân xe đại thể chia làm ba khoang: khoang động cơ, khoang hành khách và khoang hành lý. Ở Anh, người ta gọi loại xe này là xe saloon. Khoang hành khách thường gồm hai dãy ghế. Khoang động cơ thường ở phía trước. Còn khoang hành lý thường ở phía sau. Sedan là xe 4 cửa, với trần xe kéo dài từ trước ra sau, có lên xuống cân đối tạo ra vùng cốp xe ở phía sau để chở hành lý, với cách mở cốp hắt lên. Sedan là loại thân xe khách phổ biến nhất.",,https://drive.google.com/open?id=0B0wE6gMwqohFWXdobU1sNjZ0UU0,,wikipedia,https://vi.wikipedia.org/wiki/Sedan_(%C3%B4_t%C3%B4)
Hatchback,"Hatchback là một kiểu thân xe ô tô gồm 2 khoang: khoang động cơ phía trước và khoang hành khách và hành lý chung phía sau cùng 3 trụ chính và gầm thấp dưới 200 mm như sedan.. Loại xe này có thể có 3 hoặc 5 cửa trong đó có 1 cửa phía sau để tiện cho việc cất vào hay lấy hành lý ra. Trong tiếng Anh, ""hatch"" nghĩa là cửa sập, còn ""back"" nghĩa là phía sau. ",,https://drive.google.com/open?id=0B0wE6gMwqohFU1Q4a1dnbk91dXc,,wikipedia,https://vi.wikipedia.org/wiki/Hatchback
SUV,"Bản chất SUV là Sport Utility Vehicle, xe thể thao đa dụng, với đặc trưng gầm cao, hệ dẫn động 4 bánh toàn thời gian hoặc bán thời gian. Kích thước dòng xe này thường từ cỡ trung đến lớn, với trang bị thiên về khả năng chạy đường dài, off-road nhiều hơn là di chuyển phố. Cũng vì thế, SUV thường có thiết kế vuông vức, đường nét đơn giản, nam tính. ",,https://drive.google.com/open?id=0B0wE6gMwqohFWHVnYTZXRHhoVTQ,,VnExpress,http://vnexpress.net/tin-tuc/oto-xe-may/phan-biet-cac-dong-oto-tai-viet-nam-3263772.html
Crossover ,"Crossover là khái niệm kết hợp một chiếc SUV và xe đô thị. Theo đó, crossover có gầm cao thừa hưởng từ SUV, nhưng thiết kế phức tạp, màu mè hơn, nội thất trang bị nhiều tính năng cho hành khách như trên sedan. Dòng xe này thường có kích thước nhỏ hoặc trung, là giải pháp cho người sống ở thành thị nhưng thích phong cách SUV",,https://drive.google.com/open?id=0B0wE6gMwqohFcmFjc29hZmxLVms,,VnExpress,http://vnexpress.net/tin-tuc/oto-xe-may/phan-biet-cac-dong-oto-tai-viet-nam-3263772.html
MPV,"MPV là chữ cái đầu của Multiple-Purpose Vehicle (có người giải thích là multi-person vehicle) trong tiếng Anh, và gọi theo cách của Châu Âu. Đó là dòng xe đa dụng, có thể chuyển đổi giữa chở người và chở hàng hóa bằng cách gập hàng ghế sau lên xuống. Ở Mỹ dòng xe này thường được gọi là Minivan. Thường có 5-7 chỗ, 3 hàng ghế. Hàng ghế sau cùng thường nhỏ hơn và khi cần có thể gập lại, để tăng không gian chở đồ đạc. Gầm cao hơn xe Sedan và Hatchback, nhưng thấp hơn xe SUV hay Crossover. Phần ca-pô khá ngắn, thân xe bắt đầu từ gần mũi xe và kéo dài về sát phía đuôi để tăng không gian chuyên chở.",,https://drive.google.com/open?id=0B0wE6gMwqohFR2tnOEYxNWV0QzA,,Carly.vn,http://carly.vn/xe-mpv-la-gi.html
Pickup,"Xe pickup với tên đầy đủ là Pickup Truck, là một chiếc SUV nhưng lại có thùng chở hàng phía sau và là một loại hình của xe tải lai với xe ô tô chở khách, còn gọi là xe bán tải. Thân xe gồm 2 khoang riêng biệt: khoang chở người + thùng chở hàng. Trong khi khoang chở người gần giống như xe ô tô con, thì thùng chở hàng nằm tách riêng phía sau là một đặc điểm dễ nhận thấy nhất của dòng pickup. Có kết cấu thân trên khung (body on frame) giống xe tải, tạo sự chắc chắn và khả năng chịu tải cao. Trong số các dòng xe phổ biến, cũng chỉ có thêm SUV sở hữu khung gầm kiểu này.",,https://drive.google.com/open?id=0B0wE6gMwqohFMGRlTDVaM3RQalU,,terocket.com ,http://www.terocket.com/p/pickup.html
Sportback,"Sportback là dòng xe coupe 4 cửa, điển hình như các mẫu Audi A5 Sportback, Audi A7 Sportback.",,https://drive.google.com/open?id=0B0wE6gMwqohFZ0gtZzNiX01SRmM,,danhgiaxe.com,https://www.danhgiaxe.com/cac-mau-xe-coupe-4-cua-tren-thi-truong-viet-nam-4508
Saloon,"Saloon là tên gọi khác của dòng sedan, là một loại xe khách mà thân xe đại thể chia làm ba khoang: khoang động cơ, khoang hành khách và khoang hành lý. Ở Anh, người ta gọi loại xe này là xe saloon. Khoang hành khách thường gồm hai dãy ghế. Khoang động cơ thường ở phía trước. Còn khoang hành lý thường ở phía sau. Ở Anh hay gọi sedan là saloon.",,https://drive.google.com/open?id=0B0wE6gMwqohFMF9RTTRybzFRa2M,,wikipedia,https://vi.wikipedia.org/wiki/Sedan_(%C3%B4_t%C3%B4)
Coupe,"Coupe là mẫu xe mui kín với phần mái kéo dài xuống tận đuôi mang lại cảm giác thể thao kết hợp với thiết kế 2 cửa, 2 chỗ ngồi, không có trụ B, thường sử dụng động cơ công suất lớn, khoang cabin nhỏ và chiều dài xe ngắn hơn biến thể sedan (nếu có). Định nghĩa về xe coupe có mặt từ rất sớm nhưng ban đầu chủ yếu để ám chỉ xe 2 cửa, 2 chỗ ngồi. Ngày nay có một số biến thể của dòng xe coupe là coupe 4 cửa, 4 hoặc 5 chỗ ngồi.",,https://drive.google.com/open?id=0B0wE6gMwqohFbC1ob3hzZEMzSkE,,Báo Thanh niên,http://xe.thanhnien.vn/kham-pha/coupe-la-gi-nhung-bien-the-cua-xe-coupe-9917.html
Van,"Van là dòng xe ô tô cỡ trung có kích thước nhỏ hơn xe khách (bus) nhưng lớn hơn dòng xe đa dụng (MVP / minivan). Xe Van thường dùng để chở người, hoặc hàng hóa thiết bị trong một số lĩnh vực như: khách sạn, bệnh viện, cứu hỏa, bưu chính, kinh doanh vận tải...
Dòng xe Van có một số đặc điểm chính như sau:
- Có nhiều chỗ ngồi hơn xe gia đình, thường từ 10-16 chỗ. Với xe ít chỗ hơn thì được xếp vào hạng Minivan.
- Dạng khối kín (covered vehicle), nên có thể phân biệt rõ với xe có không gian mở như dòng mui trần (convertible), xe bán tải (pickup), hay xe tải (truck). Theo như tôi tìm hiểu trên trang kbb.com, thì chữ “Van” bắt nguồn từ chữ caravan trong tiếng Anh, khởi đầu biểu thị nghĩa là ""xe dạng khối kín"".
- Thường có cửa mở phía sau và cửa trượt ngang bên cạnh để người lên xuống (trừ loại nhỏ - minivan thì không có cửa trượt). Trong số các dòng xe phổ biến, chỉ xe van là có cửa trượt ngang, số còn lại đều có cửa đóng mở (bên cạnh) hoặc hất lên (phía đuôi).",,https://drive.google.com/open?id=0B0wE6gMwqohFSDJGa3duUHdDVG8,,Carly.vn,http://carly.vn/xe-van-la-gi.html
Minivan,"Minivan hay MPV (Multi-Purpse Vehicle) xe đa dụng là mẫu xe thường sử dụng cho gia đình, có 5-7 chỗ, 3 hàng ghế. Hàng ghế sau cùng thường nhỏ hơn và khi cần có thể gập lại, để tăng không gian chở đồ đạc, có khả năng linh động chuyển đổi giữa chở người và chở hàng hóa. MPV thường có gầm cao hơn sedan nhưng thấp hơn crossover hay SUV. ",,https://drive.google.com/open?id=0B0wE6gMwqohFNTc2bGpQSEUxMlk,,Carly.vn,http://carly.vn/xe-mpv-la-gi.html
Off-road,"Off-road là những con đường mới, hiểm trở, có thể có người đã ghé qua hoặc chưa nhưng không bao giờ bằng phẳng, trải nhựa như đường phố... và người mê off-road là người phải mở đường ở những nơi như thế.",,,,Vnexpress,http://vnexpress.net/tin-tuc/oto-xe-may/tu-van/off-road-thu-choi-vat-va-3249412.html
Xe hạng A,"Xe mini, xe gia đình cỡ nhỏ
Xe mini thường sử dụng động cơ dung tích dưới một lít với 2 chỗ ngồi.  Xe gia đình cỡ nhỏ hay xe nội thị thuộc phân khúc này có tốc độ nhanh hơn xe mini, công năng sử dụng cũng thuận tiện hơn. Trên cao tốc, nếu muốn, xe vẫn có thể đi nhanh hơn các ""đàn anh"" nhưng do kích thước nên phân khúc A luôn thiệt thòi hơn nếu xảy ra va chạm.Khách hàng chủ yếu ở Việt Nam là những người mới mua xe lần đầu, đặc biệt là phụ nữ. Ưu điểm của phân khúc A là khả năng thích nghi trên phố. Với chiều dài dưới 3.400 mm, bạn sẽ thấy ""dễ thở"" như thế nào khi quay đầu trong ngõ hẹp. Những cái tên tiêu biểu là Fiat 500, Daewoo Matiz, Kia Morning, Toyota iQ hay Tata Nano.",,https://drive.google.com/open?id=0B0wE6gMwqohFVm14SFZ1amVNTHc,,VnExpress,http://vnexpress.net/tin-tuc/oto-xe-may/phan-hang-cac-dong-oto-2206077.html
Xe hạng B,"Xe gia đình cỡ nhỏ
Đó là những Ford Fiesta, Hyundai i20 hay Toyota Yaris quen thuộc trên thị trường Việt Nam. Xe thuộc phân khúc này có 3, 4 hoặc 5 cửa và thiết kế với 4 ghế và đăng ký chở 5 người. Những mẫu hatchback hiện hành có chiều dài tối đa 3.900 mm, trong khi kiểu sedan dài khoảng 4.200 mm. Phân khúc B duy trì tốt lợi thế đi trên phố nhưng cải tiến đáng kể tốc độ trên xa lộ. Động cơ từ 1.4 đến 1.6 nên đạt vận tốc cao hơn. Phụ nữ cùng là khách hàng quen thuộc trong phân khúc này. Họ đã từng sở hữu xe, hoặc mua lần đầu.",,https://drive.google.com/open?id=0B0wE6gMwqohFcTlNeUVmMUNiaUU,,VnExpress,http://vnexpress.net/tin-tuc/oto-xe-may/phan-hang-cac-dong-oto-2206077.html
Xe hạng C,"Xe bình dân hạng trung
Chiều dài tối đa 4.250 mm với kiểu hatchback và 4.500 mm với sedan, xe compact đủ chỗ cho 5 người lớn và thường trang bị động cơ từ 1.4 đến 2.2, đôi khi lên tới 2.5. Đây là loại xe phổ biến nhất trên thế giới bởi nó ""vừa đủ"" cho tất cả các nhu cầu từ trên phố, xa lộ hay nông thôn.
Trong danh mục xe bán chạy nhất thế giới có tên Toyota Corolla, thuộc phân khúc C, với danh số 35 triệu chiếc, tính đến 2007. Trong 40 năm tồn tại, cứ 40 giây lại có một chiếc Corolla được bán ra. Ngoài ra, có thể nhắc tới Ford Focus, Honda Civic và những sản phẩm mới nổi như Kia Forte hay Chevrolet Cruze.",,https://drive.google.com/open?id=0B0wE6gMwqohFN2NPaVE3M25hc2M,,VnExpress,http://vnexpress.net/tin-tuc/oto-xe-may/phan-hang-cac-dong-oto-2206077.html
Xe hạng D,"Xe bình dân cỡ lớn
Đủ chỗ cho 5 người lớn và một khoang chứa đồ rộng, động cơ mạnh hơn xe compact và và phiên cao cấp nhất thường là loại 6 xi-lanh. Kích thước xe tùy theo khu vực: ở châu Âu hiếm khi dài hơn 4.700 mm, trong khi ở Bắc Mỹ, Trung Đông và Australia lại thường dài hơn 4.800 mm.
Ví dụ có Ford Mondeo, Toyota Camry, Honda Accord. Ở Mỹ, do thị hiếu mà phân khúc này lại được ưa chuộng. Chiếc Camry là xe bán chạy nhất của Toyota ở Mỹ chứ không phải Corolla.",,https://drive.google.com/open?id=0B0wE6gMwqohFcVY3ZU54b2MzUnM,,VnExpress,http://vnexpress.net/tin-tuc/oto-xe-may/phan-hang-cac-dong-oto-2206077.html
Xe hạng E,"Xe hạng sang
Ở châu Âu và một số thị trường, phân hạng E dành cho những mẫu xe được đưa lên hàng sang trọng, bắt đầu từ Audi A4, Mercedes C-class, BMW serie 3 hay Lexus IS. Giữa hạng E và hạng D, khái niệm về chiều dài tổng thể không còn được sử dụng. Trên thị trường sẽ chỉ so các dòng xe hạng sang với nhau. Ít ai so sánh Toyota Camry với Mercedes C-class bởi một điều chúng ""không cùng đẳng cấp"", dù kích thước có thể ở cùng một hạng.
Những chiếc A4, serie 3 hay C-class có thể coi là dòng thấp nhất của phân khúc hạng sang. Nhưng do nhu cầu thị trường, các hãng ngày tung ra các mẫu nhỏ hơn như A-class của Mercedes, A1 của Audi hay serie 1 của BMW. Chưa có cách nào để phân loại những dòng xe mới này.",,https://drive.google.com/open?id=0B0wE6gMwqohFMF9RTTRybzFRa2M,,VnExpress,http://vnexpress.net/tin-tuc/oto-xe-may/phan-hang-cac-dong-oto-2206077.html
Xe hạng F,"Xe hạng sang cỡ lớn
Từ Audi A6, Mercedes E-class, BMW serie 5 hay Jaguar XF có thể thấy xe thuộc phân khúc này thường rộng rãi, có sức mạnh (dung tích động cơ trên 2.000 phân khối) và trang thiết bị sang trọng. Ở hạng sang, những chiếc A6, E-class hay serie 5 được ví như Corolla trong dòng bình dân. Trang bị đầy đủ hơn A4, C-class hay serie 3. Động cơ cũng lớn hơn.
Nhưng phân khúc này còn ngăn cách một bậc so với các đàn anh A8, S-class, LS hoặc serie 7 vốn thường được gọi là ""hạng sang cao cấp"". Nằm chung phân hạng F nhưng các mẫu ""hạng sang cao cấp"" dài hơn, động cơ với 6, 8 hoặc 12 xi-lanh và trang bị tốt hơn xe sang hạng trung. Chúng là những mẫu sản xuất trên dây chuyền hàng loạt cao cấp nhất. Tất cả những công nghệ mới nhất, trang bị tốt nhất và chất lượng phục vụ tốt nhất đều được Mercedes, Audi, BMW, Lexus ưu tiên cho phân khúc này.",,https://drive.google.com/open?id=0B0wE6gMwqohFcFViWTJaN0tJNlU,,VnExpress,http://vnexpress.net/tin-tuc/oto-xe-may/phan-hang-cac-dong-oto-2206077.html
Xe hạng J,"Xe SUV. SUV là viết tắt của cụm từ tiếng Anh: Sport Utility Vehicle. 
Đó là dòng xe thể thao đa dụng.
Dòng xe này có những đặc trưng nổi bật như sau:
Khung xe có kết cấu thân trên khung tương tự như của xe tải
Thường dẫn động 4 bánh (còn gọi là xe 2 cầu)
Khung gầm cao
Thiết kế đơn giản, vuông vắn, khỏe khoắn
Thường có 5 cửa, 5-7 chỗ, 2 khoang (khoang máy, khoang hành lý liền với khoang hành khách)",,https://drive.google.com/open?id=0B0wE6gMwqohFeGZXellkV25nMU0,,Carly.vn,http://carly.vn/xe-suv-la-gi.html
Xe hạng M,"(Multi Purpose Cars) Hạng gia đình đa dụng, giống như minivan hạng nhỏ tại Mỹ như Toyota Innova, Mitsubishi Grandis",,https://drive.google.com/open?id=0B0wE6gMwqohFR2tnOEYxNWV0QzA,,Báo Thanh Niên,http://xe.thanhnien.vn/kham-pha/tieu-chi-phan-hang-xe-viet-nam-phan-hang-xe-theo-chuan-nao-11707.html
Xe hạng S,"(Sport Coupes): Dòng xe coupe thể thao. Xe thể thao, grand tourer (thể thao hạng sang với kiểu coupe 2 cửa, 2 ghế phía trước và 2 ghế nhỏ hơn phía sau), xe mui trần, roadster (mui trần 2 chỗ) và siêu xe đều thuộc phân khúc này. Có thể kể đến BMW serie 6, Mercedes CLK, Audi TT, Mazda MX-5, Porsche 911, Ferrari 458 Italia, Lamborghini Gallardo, Jaguar XK, Maserati GranTurismo, Bugatti Veyron, Pagani Zonda...",,https://drive.google.com/open?id=0B0wE6gMwqohFajBXdVZvUVBUc1k,,VnExpress,http://vnexpress.net/tin-tuc/oto-xe-may/phan-hang-cac-dong-oto-2206077.html
Xe hạng sang,"Xe hạng sang là một thuật ngữ để chỉ 1 chiếc xe được cung cấp với các tính năng cao cấp, hiện đại cả về giá cả lẫn thiết kế.",,https://drive.google.com/open?id=0B0wE6gMwqohFSlU1UUFCOXByQ2s,,wikipedia,https://en.wikipedia.org/wiki/Luxury_vehicle
MT,"MT (viết tắt của Manual Transmission) là xe số sàn hoặc loại số tay. Khi vận hành người điều khiển phải tự sang các cấp số cho phù hợp, đồng thời phải thật linh hoạt kết hợp chân côn điều khiển bộ ly hợp để xe chuyển động một cách trơn chu. ",,https://drive.google.com/open?id=0B0wE6gMwqohFQ3FPa2xGcUdjZTA,,wikipedia,https://en.wikipedia.org/wiki/Manual_transmission
AT,"A/T (viết tắt của Automatic Transmission/Transaxle): là hộp số tự động có tính tối ưu, giúp người lái  giảm bớt được nhiều thao tác khi vận hành xe. ",,https://drive.google.com/open?id=0B0wE6gMwqohFVzJ5S0VNR0JzYkU,,danhgiaxe.com,https://www.danhgiaxe.com/cac-thuat-ngu-o-to-thong-dung-3920
PDK,"PDK (viết tắt của cụm từ tiếng Đức ""Porsche Dopelkupplungsgetriebe - ly hợp kép Porsche”) hay còn gọi là số sàn tự động. PDK có kết cấu như số sàn nhưng điều khiển lại theo số tự động.",,https://drive.google.com/open?id=0B0wE6gMwqohFSUZydEk3U0pMeU0,,Vnexpress,http://vnexpress.net/tin-tuc/oto-xe-may/tu-van/cau-truc-hop-so-ly-hop-kep-pdk-cua-porsche-2151932.html
CVT,"CVT (viết tắt của Continuosly Variable Tranmission): là hộp số tự động vô cấp, tự động biến thiên liên tục theo vòng tua máy.",,https://drive.google.com/open?id=0B0wE6gMwqohFZGRaNFdDRzNEdDQ,,danhgiaxe.com,https://www.danhgiaxe.com/cac-thuat-ngu-o-to-thong-dung-3920
AWD,"AWD (viết tắt của All wheel drive): là hệ thống dẫn động 4 bánh toàn thời gian, đa phần dùng cho xe gầm thấp. 
AWD hoạt động trên nguyên tắc lực mô men được truyền đến tất cả các bánh một cách liên tục ở mọi điều kiện vận hành và hệ thống này cho phép tạo ra sự chênh lệch về tốc độ giữa bánh trục trước và sau tùy vào địa hình.",,https://drive.google.com/open?id=0B0wE6gMwqohFLXM4SFN2UTJNUGM,,Vnexpress,http://vnexpress.net/tin-tuc/oto-xe-may/uu-nhuoc-diem-cua-cac-he-dan-dong-2078632.html
FWD,"FWD (viết tắt của Front-wheel drive) là hệ dẫn động cầu trước. Bánh trước trực tiếp nhận công suất và mô-men xoắn.
Ưu điểm: do động cơ đặt phía trên trục trước nên trọng lượng được truyền thẳng xuống bánh dẫn động khiến độ bám đường tăng lên, giúp xe hoạt động tốt ở các mặt đường trơn trượt.
Nhược điểm: trong trường hợp phân bố trọng lượng tập trung xuống phía sau, hệ dẫn động cầu trước rất khó tăng tốc và luôn thất thế trên các đoạn đường thẳng khiến bánh sau bị trượt và không còn ma sát.",,https://drive.google.com/open?id=0B0wE6gMwqohFUk8wRDFGRWRMVWs,,Vnexpress,http://vnexpress.net/tin-tuc/oto-xe-may/uu-nhuoc-diem-cua-cac-he-dan-dong-2078632.html
2WD,"2WD) nghĩa là có 4 bánh và 2 bánh làm nhiệm vụ lái, các bánh lái có thể là bánh sau hoặc bánh trước nhưng thường là bánh sau.",,,,wikipedia,https://en.wikipedia.org/wiki/Two-wheel_drive
4WD,"4WD (viết tắt của Four-wheel drive), ký hiệu này nhằm nhận biết những loại xe có kết cấu truyền lực tác động từ động cơ xuống cả 4 bánh.",,https://drive.google.com/open?id=0B0wE6gMwqohFNXFXY0drbXI0T1U,,Vnexpress,http://vnexpress.net/tin-tuc/oto-xe-may/uu-nhuoc-diem-cua-cac-he-dan-dong-2078632.html
RWD,"(Rear-wheel drive) Hệ dẫn động cầu sau. Bánh sau trực tiếp nhận công suất và mô-men xoắn.. Với RWD, xe tăng tốc tốt hơn. Hai bánh trước được giải thoát khỏi nhiệm vụ dẫn động và chỉ tập trung vào việc dẫn hướng (bánh lái). Thời kỳ đầu, sử dụng RWD xe phải có trục truyền động và một bộ vi sai để truyền công suất từ động cơ xuống trục sau. Thiết bị này làm tăng giá thành sản xuất và cùng với đó, trọng lượng xe tăng lên. Vì vậy, RWD thực tế là không hiệu quả hơn FWD. Ngoài ra, khi đi xe dẫn động cầu sau mà không có hệ thống kiểm soát độ bám đường, tài xế rất dễ mất lái ở các đoạn đường trơn trượt hay mắc kẹt xuống rãnh, mương, ổ gà.",,https://drive.google.com/open?id=0B0wE6gMwqohFSDdMaUduWVlmMTg,,Vnexpress,http://vnexpress.net/tin-tuc/oto-xe-may/uu-nhuoc-diem-cua-cac-he-dan-dong-2078632.html
Lazăng,La zăng (phiên âm từ tiếng Pháp “la + jante”) nghĩa là vành bánh xe hay mâm bánh xe.,,https://drive.google.com/open?id=0B0wE6gMwqohFd1BwNzVCRU5odW8,,wikipedia,https://vi.wiktionary.org/wiki/laz%C4%83ng#Ti.E1.BA.BFng_Vi.E1.BB.87t
Cảm biến lốp,"TPMS (viết tắt của Tire Pressure Monitoring System) - Hệ thống giám sát áp suất lốp: là thiết bị cảm biến tinh vi được thiết kế để đo lường và hiển thị áp suất lốp xe theo thời gian thực, đồng thời sẽ thông báo cho người điều khiển bất kỳ trường hợp nào bất thường.
Hệ thống lốp áp suất bao gồm các thiết bị phát, nhận ăng ten, thiết bị thu và mô-đun hiển thị, được thiết kế đặc biệt để chịu những rung động mạnh, nhiệt độ cao, độ ẩm cao và các hóa chất bên trong lốp xe.",,https://drive.google.com/open?id=0B0wE6gMwqohFU25ucTlhMy1pRUU,,Vnexpress,http://vnexpress.net/tin-tuc/oto-xe-may/thi-truong/hanh-trinh-an-toan-voi-thiet-bi-cam-bien-ap-suat-lop-3320950.html
Dầu nhớt đa cấp,"Dầu đa cấp là dầu có độ nhớt thỏa mãn ở nhiều điều kiện nhiệt độ và có độ phân loại khá phức tạp như: các loại dầu động cơ ở các nước hàn đới là loại 5W, 10W, 15W nhưng đa số sản phẩm ở Việt Nam là loại 15W hay 20W, đứng sau “W” có thể là 40, 50 hoặc 60 (ký tự để chỉ khoảng độ nhớt ở 100 độ C), số càng to thì độ nhớt càng lớn.
Do đặc tính của dầu đa cấp nên người ta thường gọi nó là ""dầu bốn mùa"". Khi có chữ ""W"", khách hàng có thể hiểu nó dùng được cho cả mùa đông và mùa hè.",,,,Vnexpress,http://vnexpress.net/tin-tuc/oto-xe-may/tu-van/cach-phan-loai-dau-dong-co-2072693.html
Dầu nhớt gốc khoáng,"Dầu gốc khoáng là dầu được chiết xuất từ dầu mỏ qua quá trình chưng cất, xử lý lọc bỏ sáp và cặn, chúng thường được sử dụng để pha chế dầu nhớt độ nhớt cao. 
Dầu nhớt gốc khoáng có dầu gốc khoáng là thành phần chủ yếu, có thể chiếm từ 85% đến 100% khối lượng dầu nhớt thành phẩm và có vai trò chính đối với tính năng của dầu nhớt. ",,,,wikipedia,https://vi.wikipedia.org/wiki/D%E1%BA%A7u_nh%E1%BB%9Dn
Dầu nhớt pha trộn,Dầu pha trộn là dầu gốc khoáng hoặc tổng hợp trộn thêm phụ gia.,,,,wikipedia,https://vi.wikipedia.org/wiki/D%E1%BA%A7u_nh%E1%BB%9Dn
Cruise Control,"Cruise Control là một công nghệ hỗ trợ người lái. Khi được kích hoạt, thông qua nút điều khiển bằng tay, hệ thống này có thể duy trì tốc độ mong muốn mà không cần người lái phải tác động lực vào chân ga.",,https://drive.google.com/open?id=0B0wE6gMwqohFRjd4M01qZl9YcDg,,Báo Thanh Niên,http://xe.thanhnien.vn/tu-van/vi-sao-nguoi-viet-it-quan-tam-den-he-thong-cruise-control-9022.html
ABS ,"ABS (viết tắt của Anti-lock Braking System được dịch từ tiếng Đức - Antiblockiersystem) tức hệ thống chống bó phanh: đây là một hệ thống trên ôtô giúp cho bánh xe của phương tiện không bị bó cứng trong khi phanh (phanh trượt), chống lại việc bánh xe bị trượt dài trên mặt đường. Hệ thống ABS được phát minh bởi hãng Robert Bosch GmbH và hiện nay là một hệ thống bắt buộc của xe ở một số nước.",,https://drive.google.com/open?id=0B0wE6gMwqohFbGlTUWF1aEN2c0E,,wikipedia,https://vi.wikipedia.org/wiki/H%E1%BB%87_th%E1%BB%91ng_ch%E1%BB%91ng_b%C3%B3_phanh
AFL,"AFL (viết tắt của Adaptive Forward Lighting - Đèn pha mở dải chiếu sáng theo góc lái): là một hệ thống chiếu sáng tiên tiến, trong đó đèn pha phía trước xoay hoặc xoay theo sự điều khiển của tay lái. Đi vào đường cong hoặc xoay quanh một góc, đèn pha xoay lên đến 15 độ với tốc độ khác nhau tùy thuộc vào mức độ nghiêm trọng của đường cong và tốc độ mà chiếc xe đang di chuyển.

AFL hoạt động với cả chùm tia thấp và cao, cải thiện khả năng hiển thị so với đèn pha truyền thống, làm cho việc điều khiển trở nên dễ dàng và an toàn hơn.",,https://drive.google.com/open?id=0B0wE6gMwqohFQVhBQVNDWWJndGM,,http://media.gm.com,http://media.gm.com/media/us/en/gm/home.detail.html/content/Pages/news/us/en/2010/Mar/0326_Lighting.html
ARTS,ARTS (viết tắt từ Adaptive Restrain Technology System): là hệ thống điện tử kích hoạt túi khí theo những thông số cài đặt trước tại thời điểm xảy ra va chạm.,,,,Anycar,https://anycar.vn/doc-thuat-ngu-o-to-de-nhu-an-keo-5206.html
BA ,"BA (viết tắt của Brake Assist) là hệ thống hỗ trợ phanh khẩn cấp. BA hoạt động dựa trên các cảm biến kiểm soát trạng thái pê-đan phanh, bộ phận khuếch đại lực phanh bằng khí nén và các van điện được điều khiển bởi máy tính trung tâm. Nếu phát hiện ra tài xế có hành động phanh gấp, BA sẽ tự động trợ giúp để quá trình diễn ra nhanh hơn.",,https://drive.google.com/open?id=0B0wE6gMwqohFa2pmVGpyX2poVUE,,Vnexpress,http://vnexpress.net/tin-tuc/oto-xe-may/cac-cong-nghe-ho-tro-phanh-2090999.html
CATS,"CATS (viết tắt từ Computer Active Technology Suspension): là hệ thống treo điện tử tự động điều chỉnh độ cứng theo điều kiện vận hành. 
Mỗi nhà sản xuất có cách gọi khác nhau, CATS là tên gọi của Jaguar.",,,,techz.vn,http://www.techz.vn/nhung-thuat-ngu-tren-xe-hoi-khong-phai-ai-cung-biet-ylt45157.html
DRL,"DRL (viết tắt từ Daytime Running Light) là đèn chạy ban ngày. Đây là cách thiết kế của các hãng nhằm giúp tài xế tăng cường khả năng nhận diện phương tiện khi di chuyển trên đường. Ánh sáng này thường có màu trắng, vàng hoặc hổ phách.",,https://drive.google.com/open?id=0B0wE6gMwqohFQTkybnVZcXB0TGs,,Vnexpress,http://vnexpress.net/tin-tuc/oto-xe-may/tu-van/vi-sao-xe-may-tu-chau-au-den-sang-ca-ngay-3332358.html
ESP,ESP (viết tắt từ Electronic Stability Programe) là hệ thống ổn định xe điện tử hay cân bằng điện tử nhằm cải thiện tính ổn định của xe bằng việc phát hiện và giúp giảm thiểu sự mất kiểm soát.,,https://drive.google.com/open?id=0B0wE6gMwqohFR3M3NUk4OF9vYlE,,Wikipedia,https://en.wikipedia.org/wiki/Electronic_stability_control
EBD ,"EBD (viết tắt từ Electronic Brake-force Distribution) là bộ phân phối lực nhanh, chúng được lắp thêm vào hệ thống phanh nhằm phân phối lực phanh của từng bánh xe một cách hợp lý theo tải trọng tác dụng khi phanh. Nguyên lý làm việc của bộ EBD gần giống với ABS, tuy nhiên để nhận biết được tải trọng tác dụng lên các bánh xe thay đổi thì trong bộ EBD cần có thêm cảm biến G (G-sensor) lắp ở vị trí gần trọng tâm xe.",,,,danhgiaxe.com,https://www.danhgiaxe.com/su-khac-nhau-giua-abs-va-ebd-5131
HAC/HAS,"HAC/HAS (viết tắt từ Hill Assist Control): hệ thống hỗ trợ hành động ngang dốc (HAC) có tiền thân là hệ thống hỗ trợ lái xe đường dốc - Hill Holder. Hill Holder là tên phát minh của tập đoàn Wagner Electric và công ty Bendix Brake tọa lạc tại South Bend, Indiana. Tác dụng của phát minh này là ngăn chặn cho việc xe bị trượt giốc khi dừng lại giữa đường đèo hay đường dốc. 
Phát minh này ra mắt công chúng vào năm 1936, đến năm 1937 công nghệ này được ứng dụng rất nhiều vào các mẫu xe của hãng Studebaker President và hiện nay hầu hết các mẫu xe đều được trang bị công nghệ hỗ trợ khởi hành ngang dốc tiên tiến.",,https://drive.google.com/open?id=0B0wE6gMwqohFZ3J0Q1hrRXNJVG8,,danhgiaxe.com ,https://www.danhgiaxe.com/he-thong-ho-tro-khoi-hanh-ngang-doc-va-ho-tro-do-deo-10304
MDS,"(Multi Displacement System): Hệ thống dung tích xi lanh biến thiên, cho phép động cơ vận hành với 2, 4 ,6... xi lanh tùy theo tải trọng và tốc độ của xe.",,https://drive.google.com/open?id=0B0wE6gMwqohFN3hBSzBUbTZRZUU,,Vietnamnet,http://vietnamnet.vn/vn/kinh-doanh/thuat-ngu-oto-doc-xong-biet-luon-181123.html
DOHC,"(Double OverHead Camshaft) là động cơ sử dụng 2 trục cam bố trí trên nắp máy, mỗi trục dẫn động một bên xu páp hút hoặc xả riêng biệt. Mục đích chính của việc sử dụng động cơ DOHC nhằm tăng số lượng van trên mỗi xi lanh do loại động cơ này có thể bố trí 4 van trên mỗi xi lanh tương đối đơn giản, nhờ đó dễ dàng đạt tốc độ vòng quay lớn, đồng thời cho phép đặt xu páp ở các vị trí tối ưu giúp tăng khả năng vận hành.",,https://drive.google.com/open?id=0B0wE6gMwqohFVVlxTld1WVAwOTQ,,Báo Thanh Niên,http://xe.thanhnien.vn/tu-van/su-khac-biet-giua-dong-co-dohc-va-sohc-7684.html
IOE,IOE (viết tắt của Intake Over Exhaust): Van nạp nằm phía trên van xả.,,https://drive.google.com/open?id=0B0wE6gMwqohFOXpPYS13dmdHMWc,,isuzu-vietnam,http://isuzu-vietnam.com/xetai/vi/y-nghia-cac-ki-hieu-viet-tat-thuong-gap-tren-xe-oto
OHV,"OVH (viết tắt của Overhead Valves) là động cơ trong đó van được đặt trong đầu xi-lanh, một cải tiến đối với động cơ flathead cũ, nơi các van được đặt trong khối bên cạnh piston.",,,,Wikipedia,https://en.wikipedia.org/wiki/Overhead_valve_engine
SOHC,"(Single OverHead Camshaft ) là động cơ chỉ có duy nhất một trục cam bố trí ở nắp máy, phía trên các van. Trục cam này dẫn động đóng mở trực tiếp cả xu páp nạp lẫn xả thông qua con đội hoặc cò mổ tùy theo các hình dạng cam khác nhau. Động cơ SOHC thông thường chỉ được bố trí 2 van cho mỗi xi lanh, vẫn có thể dùng 3 van hoặc 4 van nhưng kết cấu truyền động sẽ rất phức tạp nên hiếm khi được áp dụng.",,,,Báo Thanh Niên,http://xe.thanhnien.vn/tu-van/su-khac-biet-giua-dong-co-dohc-va-sohc-7684.html
Supercharge,Supercharger là một thiết bị (giống như máy quạt gió hoặc là máy nén khí) để điều áp trong buồng lái máy bay hoặc làm tăng áp suất dòng khí nạp vô buồng cháy của động cơ.,,,,Wikipedia,https://en.wikipedia.org/wiki/Supercharger
Turbodiesel,Turbodiesel là động cơ diesel có thiết kế tăng áp.,,,,Wikipedia,https://en.wikipedia.org/wiki/Turbo-diesel
Turbocharger,"Bộ tăng áp động cơ. Là hệ thống nạp nhiên liệu cưỡng bức trong động cơ để một động cơ có kích thước nhất định tạo nhiều công suất hơn[1]. Bộ tăng áp khác với bơm tăng nạp thông thường ở chỗ bộ tăng nạp được chạy bằng lực kéo cơ khí của động cơ thông dây cu roa nối với maniven còn bộ tăng áp động cơ được chạy bằng năng lượng khí thải tua bin. Bộ tăng áp được gắn vào họng xả động cơ, khi động cơ hoạt động, khí xả làm quay tua bin của nó, tua bin này vận hành máy nén (lắp giữa bộ lọc gió và họng nạp nhiên liệu) máy nén nạp nhiên liệu cho động cơ, khí xả thoát ra từ động cơ thổi vào các cánh tuốc bin làm quay tua bin, vì thế lượng khí thải càng đi qua tua bin càng nhiều thì tua bin quay càng nhanh.",,,,Wikipedia,https://vi.wikipedia.org/wiki/B%E1%BB%99_t%C4%83ng_%C3%A1p_%C4%91%E1%BB%99ng_c%C6%A1
VSC,"VSC (viết tắt từ Vehicle Skid Control): là hệ thống kiểm soát động lực học, có tác dụng phát hiện sự mất ổn định và hạn chế sự trượt của xe nhưng cho phép người lái duy trì sự điều khiển.",,https://drive.google.com/open?id=0B0wE6gMwqohFbEhKcnZBVmNHcnM,,VnExpress,http://vnexpress.net/tin-tuc/oto-xe-may/tu-van/he-thong-can-bang-dien-tu-bua-ho-menh-cho-lai-xe-2207659.html
VVT-i ,"Hệ thống VVT-i là thiết kế phun xăng của hãng Toyota theo nguyên lý điện - thủy lực. Cơ cấu này giúp tối ưu hóa góc phối khí của trục cam nạp dựa trên chế độ làm việc của động cơ phối hợp với các thông số điều khiển chủ động.
Hiện nay, VVT-i được áp dụng rộng rãi trên các mẫu xe hạng trung của Toyota, đặc biệt với thiết kế động cơ 4 xi-lanh cỡ vừa và nhỏ.",,https://drive.google.com/open?id=0B0wE6gMwqohFemdqU1c3WUNBODQ,,Vnexpress,http://vnexpress.net/tin-tuc/oto-xe-may/he-thong-nap-nhien-lieu-dien-tu-vvt-i-cua-toyota-2047428.html
BHP ,"BHP (viết tắt của brake horse power): là đơn vị đo công suất thực của động cơ, được dùng rộng rãi tại Anh nhưng ở Bắc Mỹ thì cách tính tổng công suất động cơ bằng mã lực (HP) của SAE (Hiệp hội kỹ sư oto Mỹ) lại là cách tính tiêu chuẩn.",,,,VnExpress,http://vnexpress.net/tin-tuc/oto-xe-may/tu-van/ma-luc-thuoc-do-cong-suat-dong-co-2067254.html
EDM ,EDM (viết tắt của Electric Door Mirrors): là gương điều khiển điện.,,,,danhgiaxe.com,https://www.danhgiaxe.com/cac-thuat-ngu-o-to-thong-dung-3920
ASR ,ASR (viết tắt của Anti-Slip Regulation) là hệ thống chống trượt,,https://drive.google.com/open?id=0B0wE6gMwqohFR3M3NUk4OF9vYlE,,Wikipedia,https://en.wikipedia.org/?title=Anti_slip_regulation&redirect=no
TCS,"TCS (viết tắt của Traction Control System): là hệ thống kiểm soát lực kéo, được dùng để giảm sự trượt của bánh xe và để tăng tối đa khả năng bám đất mà không bị trượt.",,,,danhgiaxe.com,https://www.danhgiaxe.com/cac-thuat-ngu-o-to-thong-dung-3920
EDC ,EDC (viết tắt của Electronic Damper Control): là hệ thống giảm xóc điều khiển điện tử.,,https://drive.google.com/open?id=0B0wE6gMwqohFUVRqSVNldWREU2s,,danhgiaxe.com,https://www.danhgiaxe.com/cac-thuat-ngu-o-to-thong-dung-3920
EFI,EFI (viết tắt của Electronic Fuel Injection): là hệ thống phun xăng điện tử.,,https://drive.google.com/open?id=0B0wE6gMwqohFdEw4Y2JBbmZjek0,,danhgiaxe.com,https://www.danhgiaxe.com/cac-thuat-ngu-o-to-thong-dung-3920
GDI ,"GDI (viết tắt của Gasonline direct injection) chỉ các loại động cơ phun xăng trực tiếp. Trong loại động cơ này, xăng được phun thẳng vào buồng cháy của các xi-lanh, khác hẳn nguyên lý phun xăng vào đường nạp của các động cơ phun xăng điện tử thông dụng.
Động cơ GDI không dùng bướm ga để điều chỉnh lượng khí nạp như động cơ xăng dùng chế hoà khí nên đường nạp thông thoáng như đường nạp của động cơ Diezel.
",,https://drive.google.com/open?id=0B0wE6gMwqohFYTJiQVVvTVRxeEk,,Wikipedia,https://en.wikipedia.org/wiki/Gasoline_direct_injection
EAS,"EAS (viết tắt từ Electronic Controlled Air Suspension): Hệ thống treo khí nén điện tử là tên của hệ thống treo khí nén được lắp đặt trên Range Rover P38A, Range Rover năm 1995. 
EAS được phát triển vào đầu những năm 1990 bởi công ty hiện nay được gọi là Dunlop Systems và Components Ltd tại Coventry - Anh với chức năng giảm độ rung, xóc cho xe.",,,,Wikipedia,https://en.wikipedia.org/wiki/Electronic_Air_Suspension
HUD,"HUD (viết tắt của Head Up Display) là một ứng dụng được chiếu lên kính chắn gió, giúp người lái xe luôn nhìn và tập trung về phía trước.
Khi cài thiết bị HUD vào trong xe ôtô, HUD có thể cung cấp các dữ liệu thời gian thực đang xảy ra trong động cơ mà không cần bất cứ phỏng đoán GPS. ",,https://drive.google.com/open?id=0B0wE6gMwqohFdGR0YW9OTVNCX00,,Wikipedia,https://en.wikipedia.org/wiki/Head-up_display
LSD ,LSD (viết tắt của Limited-slip differential) là một cơ cấu hạn chế bộ vi sai khi một trong các bánh xe bắt đầu trượt để tạo ra một lực dẫn động phù hợp ở bánh xe kia làm cho xe chạy êm.,,,,Wikipedia,https://en.wikipedia.org/wiki/Limited-slip_differential
VTEC,"VTEC (viết tắt từ cụm từ Variable valve Timing and lift Electronic Control) là hệ thống điều khiển van biến thiên được kỹ sư thiết kế động cơ của Honda, Kenichis Nagahiro sáng tạo nên. 
Hệ thống này được phát triển nhằm cải thiện hiệu quả của các động cơ đốt trong tại các dải vòng tua động cơ khác nhau. VTEC của Honda là một trong nhiều công nghệ điều van biến thiên trên thế giới như VVT-i của Toyota hay VarioCam plus của Porsche.",,,,VnExpress,http://vnexpress.net/tin-tuc/oto-xe-may/tu-van/tim-hieu-cong-nghe-vtec-cua-honda-2071560.html
ECU,"ECU (viết tắt từ Electronic Control Unit) là bộ điều khiển điện tử hoạt động theo chương trình, bao gồm các cảm biến kiểm soát liên tục tình trạng hoạt động của động cơ. 
Một bộ ECU tiếp nhận tín hiệu từ cảm biến, xử lý tín hiệu và đưa ra tín hiệu điều khiển đến cơ cấu chấp hành.
",,,,Wikipedia,https://en.wikipedia.org/wiki/Electronic_control_unit
Động cơ  V,"Dạng các xi-lanh xếp đều hai bên như chữ V, thường áp dụng cho xe thể thao hay những chiếc SUV dung tích lớn, thỉnh thoảng có cả sedan. Thường gặp là V6, V8, V10 và V12. 

Động cơ V thường áp dụng cho dung tích lớn hơn nhiều so với động cơ I, do đó có khả năng tạo ra hiệu suất cao hơn. Hình khối của động cơ V cũng chắc chắn hơn so với động cơ I. 

Tuy nhiên, nhược điểm là thiết kế phức tạp hơn, có hai nắp máy, chi phí đắt đỏ hơn, trọng lượng lớn hơn và thường tiêu hao nhiên liệu cũng nhiều hơn.",,https://drive.google.com/open?id=0B0wE6gMwqohFTzhTSS0xalpOVWc,,VnExpress,http://vnexpress.net/tin-tuc/oto-xe-may/tu-van/su-khac-biet-giua-dong-co-v6-va-i4-3503279-p3.html
Động cơ W,"Động cơ W là một trong những dạng động cơ phức tạp nhất hiện nay, nổi tiếng nhất là cỗ máy W16 của Bugatti trên chiếc Veyron và hiện nay là Chiron. 
Động cơ gồm hai khối V8, đặt lệch nhau 15 độ. Mỗi khối có 8 xi-lanh chia làm hai hàng theo kiểu chữ V với góc nghiêng 90 độ với 2 tubin tăng áp. Nhờ kết cấu độc đáo động cơ 4 hàng xi-lanh, 64 van mà chỉ cần dùng đến 4 trục cam (thông thường mỗi hàng cần sử dụng 2 trục, một cho van xả, một cho van nạp).
Ngoài Bugatti còn có Bentley cũng áp dụng động cơ W, loại W12 dung tích 6 lít cho các mẫu xe của hãng như Mulsanne hay Bentayga.
Loại động cơ W cho khả năng vận hành linh hoạt giữa các xi-lanh, thậm chí vô hiệu hóa một số xi-lanh khi không cần sử dụng. Công suất cao theo dung tích nhờ có nhiều xi-lanh, độ vững chắc tốt.",,https://drive.google.com/open?id=0B0wE6gMwqohFSGJ6TVIzeTZYOVk,,VnExpress,http://vnexpress.net/tin-tuc/oto-xe-may/tu-van/su-khac-biet-giua-dong-co-v6-va-i4-3503279-p4.html
Động cơ I,"Đây là loại động cơ phổ biến nhất trên xe dân dụng. Các xi-lanh xếp thẳng hàng với nhau nhìn như chữ I. Hay gặp nhất là I4 hoặc I3.
Ưu điểm: 
- Nhỏ gọn, phù hợp nhiều loại xe, đặc biệt xe dẫn động cầu trước. 
- Thiết kế nhỏ gọn cũng giúp giảm trọng lượng, giảm mức nhiên liệu tiêu thụ, tăng khả năng vận hành năng động.
- Dễ sửa chữa, bảo dưỡng 
- Chi phí sản xuất thấp nhờ đó giảm giá xe 
Nhược điểm: 
- Trọng tâm cao, không ổn định ở tốc độ cao.
- Độ vững chãi không tốt như máy V.",,https://drive.google.com/open?id=0B0wE6gMwqohFV3VoWVJId0kxUGM,,VnExpress,http://vnexpress.net/tin-tuc/oto-xe-may/tu-van/su-khac-biet-giua-dong-co-v6-va-i4-3503279-p4.html
Động cơ H,,"An H engine (or H-block) is an engine configuration in which the cylinders are aligned so that if viewed from the front, they appear to be in a vertical or horizontal letter H.
An H engine can be viewed as two flat engines, one atop or beside the other. The ""two engines"" each have their own crankshaft, which are then geared together at one end for power-take-off. The H configuration allows the building of multi-cylinder engines that are shorter than the alternatives, sometimes delivering advantages on aircraft. For race-car applications there is the disadvantage of a higher centre of gravity, not only because one crankshaft is located atop the other, but also because the engine must be high enough off the ground to allow clearance underneath for a row of exhaust pipes. The power-to-weight ratio is not as good as simpler configurations employing one crankshaft. There is excellent mechanical balance, especially desirable and otherwise difficult to achieve in a four-cylinder engine.[1]",https://drive.google.com/open?id=0B0wE6gMwqohFLWVhRE82bUVvTE0,,Wikipedia,https://en.wikipedia.org/wiki/H_engine
Xe Hybrid,"Xe hybrid, thường được gọi là xe lai hay xe lai điện, là loại xe sử dụng hai nguồn động lực: Động cơ đốt trong và động cơ điện. Sự hoạt động của xe này là sự kết hợp hoạt động giữa động cơ đốt trong và động cơ điện sao cho tối ưu. Một bộ điều khiển sẽ quyết định khi nào động cơ đốt trong hoạt động, khi nào động cơ điện hoạt động và khi nào cả hai cùng hoạt động.",,https://drive.google.com/open?id=0B0wE6gMwqohFTjVYQkV6ODEtVVU,,Wikipedia,https://vi.wikipedia.org/wiki/Xe_h%C6%A1i_hybrid
Động cơ Boxer,"Động cơ Boxer là loại có các xi-lanh đối xứng nằm ngang. Động cơ có 4 xi-lanh không thông dụng như kiểu dựng đứng của I4 nhưng lại rất phù hợp cho xe thể thao. Các hãng còn sử dụng Boxer là Porsche hay Subaru. Boxer còn có thể là 6 xi-lanh chứ không chỉ 4 xi-lanh.
Động cơ dạng này có trọng tâm thấp nên giúp xe cân bằng tốt, bám sát đường và êm ái hàng đầu khi vận hành. Động cơ cũng nhẹ hơn những loại khác cùng dung tích do không tốn thêm các thành phần cân bằng.
Tuy nhiên nhược điểm khiến loại boxer không sử dụng nhiều cho xe dân dụng là kết cấu phức tạp khi có hai nắp máy, hai hàng van, kích thước xe phát triển theo chiều rộng, ảnh hưởng tới thiết kế chung của xe.",,https://drive.google.com/open?id=0B0wE6gMwqohFQ1pIYkJ6b3pGRms,,VnExpress,http://vnexpress.net/tin-tuc/oto-xe-may/tu-van/su-khac-biet-giua-dong-co-v6-va-i4-3503279-p5.html
Drift,"Drift là một kỹ thuật lái xe mà người lái cố tình làm trượt bánh sau trong khi vẫn có thể điều khiển xe theo hướng mong muốn ở tốc độ nhất định. Thông thường, xe dùng drift dẫn động cầu sau với hệ thống treo MacPherson, trọng lượng nhẹ, có mức công suất không quá lớn và khoảng cách giữa hai bánh không quá ngắn.",,https://drive.google.com/open?id=0B0wE6gMwqohFbko0WDJ1SDdZR3M,,Wikipedia,https://en.wikipedia.org/wiki/Drifting_(motorsport)
CKD,"Viết tắt từ Completely Knocked Down: Nghĩa là xe lắp ráp trong nước với 100% linh kiện được nhập khẩu (completely). Ở trường hợp này, hãng xe (có nhà máy ở VN) đã nhập khẩu toàn bộ linh kiện sau đó gia công, lắp ráp thành chiếc xe hoàn chỉnh.",,,,,https://tinhte.vn/threads/xe-hoi-ckd-cbu-skd-co-nghia-la-gi.2440483/
SKD,Viết tắt của Semi-Knocked Down: Xe lắp ráp trong nước có một số linh kiện đã được nội địa hóa .,,,,,https://tinhte.vn/threads/xe-hoi-ckd-cbu-skd-co-nghia-la-gi.2440483/
CBU,"Viết tắt của Completely Built-Up: Xe được sản xuất hoàn toàn ở nước ngoài và nhập khẩu nguyên chiếc về VN. Ví dụ BMW, Audi không có nhà máy ở VN nên chỉ kinh doanh xe nhập khẩu nguyên chiếc.",,,,,https://tinhte.vn/threads/xe-hoi-ckd-cbu-skd-co-nghia-la-gi.2440483/
FBU,Viết tắt của Fully Built Up: Giống nghĩa với CBU nhưng rất hiếm khi thấy sử dụng từ này.,,,,,https://tinhte.vn/threads/xe-hoi-ckd-cbu-skd-co-nghia-la-gi.2440483/